{
    "sqeuclidean": [
        {
            "answer": "My blood sugars are all over the place.\u00a0\u00a0In the mornings, my fasting blood sugars are below, way below 80.\u00a0\u00a0I'm talking like around 55 or 60.\u00a0\u00a0During the day, they can range anywhere in the neighborhood of 150 to 195. Dinner time, maybe 175-200.\u00a0\u00a0At bedtime, they can be over 250.\u00a0\u00a0I do take Lantus at night (20 units).\u00a0\u00a0I take Novolog during the day, 5 units with breakfast and dinner, with a sliding scale as well.\u00a0\u00a0I also take oral medications as well (Metformin 1000 mg, 2 x daily; Glyburide, 10 mg, 2 x daily).\u00a0\u00a0I want to find out what to do.\u00a0\u00a0I talked to my doctor about 3 weeks ago, and at that time, I was taking 25 units of Lantus at night, along with my other meds.\u00a0\u00a0At that time, he said everything looked good.\u00a0\u00a0I don't know what to do.",
            "id": "4049170",
            "rank": 5
        },
        {
            "answer": "A related discussion,/posts/show/945835was started.",
            "id": "4442772",
            "rank": 1
        },
        {
            "answer": "A related discussion,/posts/show/950985was started.",
            "id": "4463827",
            "rank": 1
        },
        {
            "answer": "A related discussion,/posts/show/981952was started.",
            "id": "4589072",
            "rank": 1
        },
        {
            "answer": "A related discussion,/posts/show/1421881was started.",
            "id": "6481786",
            "rank": 1
        }
    ],
    "votes": [
        {
            "answer": "My blood sugars are all over the place.\u00a0\u00a0In the mornings, my fasting blood sugars are below, way below 80.\u00a0\u00a0I'm talking like around 55 or 60.\u00a0\u00a0During the day, they can range anywhere in the neighborhood of 150 to 195. Dinner time, maybe 175-200.\u00a0\u00a0At bedtime, they can be over 250.\u00a0\u00a0I do take Lantus at night (20 units).\u00a0\u00a0I take Novolog during the day, 5 units with breakfast and dinner, with a sliding scale as well.\u00a0\u00a0I also take oral medications as well (Metformin 1000 mg, 2 x daily; Glyburide, 10 mg, 2 x daily).\u00a0\u00a0I want to find out what to do.\u00a0\u00a0I talked to my doctor about 3 weeks ago, and at that time, I was taking 25 units of Lantus at night, along with my other meds.\u00a0\u00a0At that time, he said everything looked good.\u00a0\u00a0I don't know what to do.",
            "id": "4049170",
            "rank": 1
        },
        {
            "answer": "A related discussion,/posts/show/945835was started.",
            "id": "4442772",
            "rank": 1
        },
        {
            "answer": "A related discussion,/posts/show/950985was started.",
            "id": "4463827",
            "rank": 1
        },
        {
            "answer": "A related discussion,/posts/show/981952was started.",
            "id": "4589072",
            "rank": 5
        },
        {
            "answer": "A related discussion,/posts/show/1421881was started.",
            "id": "6481786",
            "rank": 1
        }
    ]
}