{
    "russellrao": [
        {
            "answer": "Can't really answer that without more information.\u00a0\u00a0First on what basis were you diagnosed as needing Levothyroxin?\u00a0\u00a0If you have had thyroid related tests from before and after\u00a0\u00a0starting the Levo, please post results and reference ranges shown on the lab report.\u00a0\u00a0If tested for Vitamin D, B12 and ferritin, please post those as well.\u00a0\u00a0What, if any symptoms are you having?\u00a0\u00a0Symptoms are even more important to know than test results.\u00a0\u00a0Why do you think you want to take selenium?",
            "id": "14260627",
            "rank": 1
        },
        {
            "answer": "Selenium can help lower thyroid peroxide antibodies (TPOAb) antibodies.\u00a0\u00a0I prefer to eat Brazil nuts (two a day) than take selenium tablets.\u00a0\u00a0Four minerals that support healthy blood sugar (and are low in diabetics) are chromium, magnesium, zinc, selenium. I have read diabetes also lowers vitamin C.",
            "id": "14260644",
            "rank": 1
        }
    ],
    "votes": [
        {
            "answer": "Can't really answer that without more information.\u00a0\u00a0First on what basis were you diagnosed as needing Levothyroxin?\u00a0\u00a0If you have had thyroid related tests from before and after\u00a0\u00a0starting the Levo, please post results and reference ranges shown on the lab report.\u00a0\u00a0If tested for Vitamin D, B12 and ferritin, please post those as well.\u00a0\u00a0What, if any symptoms are you having?\u00a0\u00a0Symptoms are even more important to know than test results.\u00a0\u00a0Why do you think you want to take selenium?",
            "id": "14260627",
            "rank": 1
        },
        {
            "answer": "Selenium can help lower thyroid peroxide antibodies (TPOAb) antibodies.\u00a0\u00a0I prefer to eat Brazil nuts (two a day) than take selenium tablets.\u00a0\u00a0Four minerals that support healthy blood sugar (and are low in diabetics) are chromium, magnesium, zinc, selenium. I have read diabetes also lowers vitamin C.",
            "id": "14260644",
            "rank": 2
        }
    ]
}