{
    "sokalmichener": [
        {
            "answer": "I don't know about that condition, but my grandfather passed away last Thursday after a long bout with COPD, Emphsyma, Congestive Heart Failure, and Type 2 diabetes. He has been in and out of the hospital about 10 times since February. The last time they told him it could be within the next week...he made it approx. 4 more weeks...the thing is that what a Dr. will tell you is what the organs and body look like, and what physical nature of things are, by this they give you a certain amount of time that they expect things to go on working. However, they aren't God (or whatever you believe) and cannot predict dates and times.I have to say that I commend your mother for her courage to quit, but not give up. She seems to be fighting the good fight. Good luck to you and your family as you continue this constant battle of life.",
            "id": "2436755",
            "rank": 1
        },
        {
            "answer": "Hello.\u00a0\u00a0I'm not a medical professional, just the parent of a kid with diabetes.\u00a0\u00a0Since I'm not a medical professional, I can't really explain what you're seeing with your mother.\u00a0\u00a0I do know that people with a strong will to live, and are surrounded with love, will survive long after what the doctors say they will.\u00a0\u00a0People are amazing sometimes.",
            "id": "2432671",
            "rank": 1
        }
    ],
    "votes": [
        {
            "answer": "I don't know about that condition, but my grandfather passed away last Thursday after a long bout with COPD, Emphsyma, Congestive Heart Failure, and Type 2 diabetes. He has been in and out of the hospital about 10 times since February. The last time they told him it could be within the next week...he made it approx. 4 more weeks...the thing is that what a Dr. will tell you is what the organs and body look like, and what physical nature of things are, by this they give you a certain amount of time that they expect things to go on working. However, they aren't God (or whatever you believe) and cannot predict dates and times.I have to say that I commend your mother for her courage to quit, but not give up. She seems to be fighting the good fight. Good luck to you and your family as you continue this constant battle of life.",
            "id": "2436755",
            "rank": 1
        },
        {
            "answer": "Hello.\u00a0\u00a0I'm not a medical professional, just the parent of a kid with diabetes.\u00a0\u00a0Since I'm not a medical professional, I can't really explain what you're seeing with your mother.\u00a0\u00a0I do know that people with a strong will to live, and are surrounded with love, will survive long after what the doctors say they will.\u00a0\u00a0People are amazing sometimes.",
            "id": "2432671",
            "rank": 2
        }
    ]
}