{
    "dice": [
        {
            "answer": "It definitely sounds like you were right on top of things when it came to noting the changes in you kitty.\u00a0\u00a0It is not uncommon to see pets resistant to changes in their food.\u00a0\u00a0I usually will recommend a gradual transition over about a months period of time.\u00a0\u00a0I will instruct clients to feed 3/4 of their regular food with 1/4 of the new for about a week or so, then 1/2 and 1/2 for a week, then 1/4 regular food to 3/4 new food for a week then all new.\u00a0\u00a0This way,in the early transition, your kitty will primarily be receiving their regular diet so you can administer the insulin that is needed.There are other dietary options to consider in the diabetic feline patient.\u00a0\u00a0Purina, Hill's and Royal Canin make a food that can be used in diabetes.\u00a0\u00a0It may be a function of trying another brand.Your veterinarian may have an additive, i.e. Rebound, that you may be able to mix into the food in the early phases.\u00a0\u00a0Unfortunately, there are times when our patients will not transition to a new food no matter what techniques we try.\u00a0\u00a0In those cases, we still manage them with insulin and their regular diet.\u00a0\u00a0These felines can require higher insulin doses and be harder to manage.It is important that you keep a good line of communication open with your veterinarian.\u00a0\u00a0Discuss your concerns and the problems you are having.\u00a0\u00a0They will best be able to help you through the early implementation of treating your diabetic kitty.\u00a0\u00a0Good luck.",
            "id": "5242575",
            "rank": 1
        },
        {
            "answer": "Dear Dr. Hurley,,Thank you so much.\u00a0\u00a0Yes, she showed no symptoms of lethargy, weight loss, etc., so I think I caught it early.\u00a0\u00a0These pets are so good at hiding symptoms unless it's something obvious like the excessive water.I was mixing 3/4 new DM food and just a little of her old food.\u00a0\u00a0No wonder she gave me those sad eyes.\u00a0\u00a0I had planned on calling the Vet when they open to see about another brand, but now I will give this food another day or so.\u00a0\u00a0I know I can get her to eat if I add 3/4 old and 1/4 new.\u00a0\u00a0She just saw me moving her pet carrier to other room, so now she's afraid I'm up to something and is hiding under the bed.\u00a0\u00a0I placed some of her old food in a bow under the bed just to get some food in her so that I can give her the shot.\u00a0\u00a0Now the trick will be to see when she comes out from under the bed.\u00a0\u00a0She's in the middle where I can't reach her.\u00a0\u00a0It's so hard when they don't understand we are trying to help them.Yes, definitely I will stay in close touch with my Vet and my concerns.\u00a0\u00a0Thanks again for such a quick response,\u00a0\u00a0I will keep you posted on how we do.",
            "id": "5242813",
            "rank": 13
        },
        {
            "answer": "Hi Dr. Hurley,Just to update you, My kitty went for the 3/4 old food and 1/4 new food and ate most of it, so I was able to give her 2 units insulin around 5 pm.\u00a0\u00a0I'm watching her to make sure she's okay, and I've been in touch with her Vet.\u00a0\u00a0Thank you again.",
            "id": "5245368",
            "rank": 1
        },
        {
            "answer": "Good Evening,That is excellent news!!\u00a0\u00a0Take the transition slow and hopefully you will have success. Keep up the great job!",
            "id": "5245575",
            "rank": 1
        },
        {
            "answer": "I had a friend with me this first time, and she held my kitty so that I could get the hang of doing the first shot, which greatly helped.\u00a0\u00a0I observed Maggie throughout the evening and night, and she seems just great.\u00a0\u00a0Thanks so much for all your support..",
            "id": "5246303",
            "rank": 1
        },
        {
            "answer": "I have a new question regarding my cat's diabetes.\u00a0\u00a0Today will be the third day for me giving my cat insulin shots twice a day.\u00a0\u00a0My Vet went out of town for 10 days, so when I have a question, I've been asking the Vet Techs for help.\u00a0\u00a0A friend called me yesterday and was asking why I am not monitoring my cat with a glucose monitor to see her sugar count as to whether it may be high or low.\u00a0\u00a0The only prescription given to me was for the insulin shots and syringes.\u00a0\u00a0I did have a quick lesson on how to inject her.\u00a0\u00a0As a new diebetic kitty, should I be checking her blood every day?\u00a0\u00a0I sure will be calling my Vet's office with this question, too.\u00a0\u00a0I do have an appointment to take her in for a blood check the end of this coming week!\u00a0\u00a0I really want to be diligent with this\u00a0\u00a0disease and do all I can to get her on track.\u00a0\u00a0She's not showing any hypoglycemic symptoms, so that is good news.\u00a0\u00a0I'm making sure she has food in her stomach before injecting.",
            "id": "5249792",
            "rank": 1
        },
        {
            "answer": "In my experience, there is diversity in how veterinarians manage their diabetic pets.\u00a0\u00a0If you research diabetes managing in veterinarian medicine, you will find veterinarians that follow one of the following:1.\u00a0\u00a0Hospitalize and manage in hospital until regulated2.\u00a0\u00a0At home glucose monitoring3.\u00a0\u00a0Periodic blood glucose checks in hospital4.\u00a0\u00a0Periodic blood glucose checks in hospital with fructosamine blood test5.\u00a0\u00a0Urine glucose monitoring at homeIn my humble opinion, as long as the veterinarian is managing the diabetic pet in a manner that is comfortable to them and the owner is comfortable, there is no right or wrong way.In our hospital, I manage my diabetic patients by having the owner monitor the urine glucose at home, stay in email contact in the regulating phase, a schedule of blood glucose and fructosamine tests, and monitoring clinical signs (water intake and urinating frequency).The other two doctors in our practice each do it differently from me and from each other.\u00a0\u00a0One of our doctors lives by the at home monitoring.\u00a0\u00a0I am not a big fan of at home glucose monitoring because I personally think it can be difficult and uncomfortable for owners based on my discussion with owners that have been taught to do blood glucose monitoring.\u00a0\u00a0I have also had owners that love it, it is not the way I choose to do monitoring.\u00a0\u00a0The other doctor does more monitoring of the pet with a predetermined schedule of blood tests in our hospital.Sorry to be so lengthy, however, it is my way of showing you there is diversity in how veterinarians manage diabetes.\u00a0\u00a0As long as you are comfortable with the progress your kitty is making, you understand the regulating process your veterinarian has proposed and you are monitoring for positive changes and negative changes in your kitty to share with your veterinarian and their staff, you and your kitty are on the right track.Diabetes is one of management and communication.\u00a0\u00a0I am glad to see you have a lot of questions and are staying in touch with your veterinarian.\u00a0\u00a0It is perfectly normal and it does get easier.\u00a0\u00a0For future reference, what type of insulin are you using??\u00a0\u00a0Good luck and I hope this helps.",
            "id": "5249984",
            "rank": 1
        },
        {
            "answer": "Thank you so much Dr. Hurley.\u00a0\u00a0Your detailed response helps me greatly understand the different methods.\u00a0\u00a0So far Maggie seems like she is doing well.\u00a0\u00a0Thanks you also for explaining that Vets do it differently from one another, and there is no right or wrong way.\u00a0\u00a0To tell you the truth, I'm not sure I'd be comfortable with the glucose monitoring and doing the ***** to get a blood sample.\u00a0\u00a0My kitty hides in a corner right after I give her the insulin shot, so the glucose monitor pinch may send her over the edge, unless the pet glucose monitor is friendly.\u00a0\u00a0I would be more comfortable with the urine monitoring.\u00a0\u00a0It may be I will learn more about the monitoring from my Vet when I take kitty in for a blood check this Thursday.\u00a0\u00a0My Vet has prescribed the Lantus U-100 Insulin 10ML for Maggie.\u00a0\u00a0She is on two units every 12 hours.Thank you again for your time and for helping me understand.",
            "id": "5250186",
            "rank": 1
        },
        {
            "answer": "Hi,Just a post note.\u00a0\u00a0I don't know why my Windows Vista printed the four stars up above wnen I was talking about getting a blood sample.\u00a0\u00a0The word I used was another synonym for needle stick, so I guess Windows Vista didn't recognize the word.\u00a0\u00a0This happens in my E-mails, too, except it prints nil for the original word I used!",
            "id": "5250428",
            "rank": 1
        },
        {
            "answer": "Hi again,Just an update and some good news.\u00a0\u00a0I had my kitty in to see the Vet yesterday for a glucose/blood test after being on one week of 2 units insulin to see her progress.\u00a0\u00a0Her glucose was 126 ,which is good as her initial glucose was 421.\u00a0\u00a0Unfortunately, I did not get to see my Vet, as he was tied up in surgery, so the only contact I had was with a different Vet Tech asking a couple questions about the time of her last meal and last shot; she was then taken into another room while I waited outside.\u00a0\u00a0Then after the glucose test, the Vet Tech brought kitty to me with the glucose reading and stated the Vet wants me to continue on the 2 units every 12 hours and bring her back in a week for another glucose test.\u00a0\u00a0I passed a message onto the Receptionist to ask the Vet if the weekly visits will be the protocol for my kitty's diabetes.\u00a0\u00a0I did not get a call back yesterday.\u00a0\u00a0It was extremely busy yesterday.\u00a0\u00a0 I was disappointed that I did not even get to speak with another Vet in the Clinic, since my Vet was tied up.\u00a0\u00a0I kind of feel like I am left with questions and no communication, so I will place a call today.\u00a0\u00a0I'm happy with the 126 glucose reading, but I am wondering if I continue with the 2 units every 12 hours, won't she become hypoglycemic?\u00a0\u00a0It has only been a week, so I am trying to be patient.\u00a0\u00a0If I find there is little communication with the Vet, I will search for another one.\u00a0\u00a0\u00a0\u00a0I am mainly concerned with the 126 glucose reading and continuing on the 2 units every 12 hours and worrying about her becoming hypoglycemic.\u00a0\u00a0I feel I should buy a glucose monitor just so I will know her reading.\u00a0\u00a0Any feedback?\u00a0\u00a0I know I am being a worry wort with good reason!",
            "id": "5270402",
            "rank": 1
        },
        {
            "answer": "I agree trying to talk directly to your veterinarian is of paramount importance to understand the choices they are making for your kitty.\u00a0\u00a0I am not too surprise to hear about the 126 blood glucose or continuing at your current dosing.\u00a0\u00a0I assume your veterinarian has assessed your clinical history, the clinical symptoms and the timing of the blood draw to recommend you continue as started.Please make sure you talk with them.\u00a0\u00a0Thank you for the update.",
            "id": "5271098",
            "rank": 1
        },
        {
            "answer": "Thanks for your feedback.\u00a0\u00a0The instructions were for me to bring her in mid day from the time of her first dose of insulin.\u00a0\u00a0The Vet, thru his Vet Tech, did not take any further info from me when I took her in other than time of last insulin shot and when was her last meal.\u00a0\u00a0I mentioned to the Vet Tech that she would not eat the DM food, so I was mixing in with her Fancy Feast wet food just to get food in her so I could give the shot.\u00a0\u00a0The instructions back to me from the Vet Tech were to enforce more DM food and less Fancy Feast and to bring her back in a week.",
            "id": "5273772",
            "rank": 15
        },
        {
            "answer": "Good morning,The timing of the test is good for evaluating the effect of the insulin.\u00a0\u00a0I certainly hope you are able to speak with the veterinarian to\u00a0\u00a0discuss how things are going, the difficulty you are having with the food transition and any other concerns or questions you may have.",
            "id": "5273925",
            "rank": 1
        },
        {
            "answer": "Thank you again.\u00a0\u00a0I take Maggie in this Thursday and will ask to speak with the Vet.\u00a0\u00a0The food is a problem with her.\u00a0\u00a0I just tried Nine Lives Tuna Select, suggested by someone else with a diabetic cat when her cat also would not eat the DM Purina.\u00a0\u00a0My kitty liked the Nine Lives when it was fresh and opened but once refrigerated, not so much,\u00a0\u00a0She sure likes the Fancy Feast, but I am trying to cut back slowly.\u00a0\u00a0She is off the dry food.",
            "id": "5275767",
            "rank": 14
        },
        {
            "answer": "Just an update.\u00a0\u00a0I had a consultation with another Vet on food nutrition and which canned foods to feed my cat.\u00a0\u00a0It was agreed that some at home monitoring would be good for kitty, so I've learned how to get a blood sample and get her glucose.\u00a0\u00a0I have the pet monitor specifically for cats and dogs. I just did a curve, and her glucose is on the low side, from 73 in the morning and then peaking to 140 and down to 93 later in the day.\u00a0\u00a0It almost seems like she should be hypoglycemic from these scores, but she's the opposite, feeling great and playful.\u00a0\u00a0Maybe the meter is off. I've watched her all night to make sure she's okay.\u00a0\u00a0 I will be calling the Vet hospital as soon as it opens.",
            "id": "5320546",
            "rank": 1
        }
    ],
    "votes": [
        {
            "answer": "It definitely sounds like you were right on top of things when it came to noting the changes in you kitty.\u00a0\u00a0It is not uncommon to see pets resistant to changes in their food.\u00a0\u00a0I usually will recommend a gradual transition over about a months period of time.\u00a0\u00a0I will instruct clients to feed 3/4 of their regular food with 1/4 of the new for about a week or so, then 1/2 and 1/2 for a week, then 1/4 regular food to 3/4 new food for a week then all new.\u00a0\u00a0This way,in the early transition, your kitty will primarily be receiving their regular diet so you can administer the insulin that is needed.There are other dietary options to consider in the diabetic feline patient.\u00a0\u00a0Purina, Hill's and Royal Canin make a food that can be used in diabetes.\u00a0\u00a0It may be a function of trying another brand.Your veterinarian may have an additive, i.e. Rebound, that you may be able to mix into the food in the early phases.\u00a0\u00a0Unfortunately, there are times when our patients will not transition to a new food no matter what techniques we try.\u00a0\u00a0In those cases, we still manage them with insulin and their regular diet.\u00a0\u00a0These felines can require higher insulin doses and be harder to manage.It is important that you keep a good line of communication open with your veterinarian.\u00a0\u00a0Discuss your concerns and the problems you are having.\u00a0\u00a0They will best be able to help you through the early implementation of treating your diabetic kitty.\u00a0\u00a0Good luck.",
            "id": "5242575",
            "rank": 11
        },
        {
            "answer": "Dear Dr. Hurley,,Thank you so much.\u00a0\u00a0Yes, she showed no symptoms of lethargy, weight loss, etc., so I think I caught it early.\u00a0\u00a0These pets are so good at hiding symptoms unless it's something obvious like the excessive water.I was mixing 3/4 new DM food and just a little of her old food.\u00a0\u00a0No wonder she gave me those sad eyes.\u00a0\u00a0I had planned on calling the Vet when they open to see about another brand, but now I will give this food another day or so.\u00a0\u00a0I know I can get her to eat if I add 3/4 old and 1/4 new.\u00a0\u00a0She just saw me moving her pet carrier to other room, so now she's afraid I'm up to something and is hiding under the bed.\u00a0\u00a0I placed some of her old food in a bow under the bed just to get some food in her so that I can give her the shot.\u00a0\u00a0Now the trick will be to see when she comes out from under the bed.\u00a0\u00a0She's in the middle where I can't reach her.\u00a0\u00a0It's so hard when they don't understand we are trying to help them.Yes, definitely I will stay in close touch with my Vet and my concerns.\u00a0\u00a0Thanks again for such a quick response,\u00a0\u00a0I will keep you posted on how we do.",
            "id": "5242813",
            "rank": 1
        },
        {
            "answer": "Hi Dr. Hurley,Just to update you, My kitty went for the 3/4 old food and 1/4 new food and ate most of it, so I was able to give her 2 units insulin around 5 pm.\u00a0\u00a0I'm watching her to make sure she's okay, and I've been in touch with her Vet.\u00a0\u00a0Thank you again.",
            "id": "5245368",
            "rank": 1
        },
        {
            "answer": "Good Evening,That is excellent news!!\u00a0\u00a0Take the transition slow and hopefully you will have success. Keep up the great job!",
            "id": "5245575",
            "rank": 11
        },
        {
            "answer": "I had a friend with me this first time, and she held my kitty so that I could get the hang of doing the first shot, which greatly helped.\u00a0\u00a0I observed Maggie throughout the evening and night, and she seems just great.\u00a0\u00a0Thanks so much for all your support..",
            "id": "5246303",
            "rank": 1
        },
        {
            "answer": "I have a new question regarding my cat's diabetes.\u00a0\u00a0Today will be the third day for me giving my cat insulin shots twice a day.\u00a0\u00a0My Vet went out of town for 10 days, so when I have a question, I've been asking the Vet Techs for help.\u00a0\u00a0A friend called me yesterday and was asking why I am not monitoring my cat with a glucose monitor to see her sugar count as to whether it may be high or low.\u00a0\u00a0The only prescription given to me was for the insulin shots and syringes.\u00a0\u00a0I did have a quick lesson on how to inject her.\u00a0\u00a0As a new diebetic kitty, should I be checking her blood every day?\u00a0\u00a0I sure will be calling my Vet's office with this question, too.\u00a0\u00a0I do have an appointment to take her in for a blood check the end of this coming week!\u00a0\u00a0I really want to be diligent with this\u00a0\u00a0disease and do all I can to get her on track.\u00a0\u00a0She's not showing any hypoglycemic symptoms, so that is good news.\u00a0\u00a0I'm making sure she has food in her stomach before injecting.",
            "id": "5249792",
            "rank": 1
        },
        {
            "answer": "In my experience, there is diversity in how veterinarians manage their diabetic pets.\u00a0\u00a0If you research diabetes managing in veterinarian medicine, you will find veterinarians that follow one of the following:1.\u00a0\u00a0Hospitalize and manage in hospital until regulated2.\u00a0\u00a0At home glucose monitoring3.\u00a0\u00a0Periodic blood glucose checks in hospital4.\u00a0\u00a0Periodic blood glucose checks in hospital with fructosamine blood test5.\u00a0\u00a0Urine glucose monitoring at homeIn my humble opinion, as long as the veterinarian is managing the diabetic pet in a manner that is comfortable to them and the owner is comfortable, there is no right or wrong way.In our hospital, I manage my diabetic patients by having the owner monitor the urine glucose at home, stay in email contact in the regulating phase, a schedule of blood glucose and fructosamine tests, and monitoring clinical signs (water intake and urinating frequency).The other two doctors in our practice each do it differently from me and from each other.\u00a0\u00a0One of our doctors lives by the at home monitoring.\u00a0\u00a0I am not a big fan of at home glucose monitoring because I personally think it can be difficult and uncomfortable for owners based on my discussion with owners that have been taught to do blood glucose monitoring.\u00a0\u00a0I have also had owners that love it, it is not the way I choose to do monitoring.\u00a0\u00a0The other doctor does more monitoring of the pet with a predetermined schedule of blood tests in our hospital.Sorry to be so lengthy, however, it is my way of showing you there is diversity in how veterinarians manage diabetes.\u00a0\u00a0As long as you are comfortable with the progress your kitty is making, you understand the regulating process your veterinarian has proposed and you are monitoring for positive changes and negative changes in your kitty to share with your veterinarian and their staff, you and your kitty are on the right track.Diabetes is one of management and communication.\u00a0\u00a0I am glad to see you have a lot of questions and are staying in touch with your veterinarian.\u00a0\u00a0It is perfectly normal and it does get easier.\u00a0\u00a0For future reference, what type of insulin are you using??\u00a0\u00a0Good luck and I hope this helps.",
            "id": "5249984",
            "rank": 11
        },
        {
            "answer": "Thank you so much Dr. Hurley.\u00a0\u00a0Your detailed response helps me greatly understand the different methods.\u00a0\u00a0So far Maggie seems like she is doing well.\u00a0\u00a0Thanks you also for explaining that Vets do it differently from one another, and there is no right or wrong way.\u00a0\u00a0To tell you the truth, I'm not sure I'd be comfortable with the glucose monitoring and doing the ***** to get a blood sample.\u00a0\u00a0My kitty hides in a corner right after I give her the insulin shot, so the glucose monitor pinch may send her over the edge, unless the pet glucose monitor is friendly.\u00a0\u00a0I would be more comfortable with the urine monitoring.\u00a0\u00a0It may be I will learn more about the monitoring from my Vet when I take kitty in for a blood check this Thursday.\u00a0\u00a0My Vet has prescribed the Lantus U-100 Insulin 10ML for Maggie.\u00a0\u00a0She is on two units every 12 hours.Thank you again for your time and for helping me understand.",
            "id": "5250186",
            "rank": 1
        },
        {
            "answer": "Hi,Just a post note.\u00a0\u00a0I don't know why my Windows Vista printed the four stars up above wnen I was talking about getting a blood sample.\u00a0\u00a0The word I used was another synonym for needle stick, so I guess Windows Vista didn't recognize the word.\u00a0\u00a0This happens in my E-mails, too, except it prints nil for the original word I used!",
            "id": "5250428",
            "rank": 1
        },
        {
            "answer": "Hi again,Just an update and some good news.\u00a0\u00a0I had my kitty in to see the Vet yesterday for a glucose/blood test after being on one week of 2 units insulin to see her progress.\u00a0\u00a0Her glucose was 126 ,which is good as her initial glucose was 421.\u00a0\u00a0Unfortunately, I did not get to see my Vet, as he was tied up in surgery, so the only contact I had was with a different Vet Tech asking a couple questions about the time of her last meal and last shot; she was then taken into another room while I waited outside.\u00a0\u00a0Then after the glucose test, the Vet Tech brought kitty to me with the glucose reading and stated the Vet wants me to continue on the 2 units every 12 hours and bring her back in a week for another glucose test.\u00a0\u00a0I passed a message onto the Receptionist to ask the Vet if the weekly visits will be the protocol for my kitty's diabetes.\u00a0\u00a0I did not get a call back yesterday.\u00a0\u00a0It was extremely busy yesterday.\u00a0\u00a0 I was disappointed that I did not even get to speak with another Vet in the Clinic, since my Vet was tied up.\u00a0\u00a0I kind of feel like I am left with questions and no communication, so I will place a call today.\u00a0\u00a0I'm happy with the 126 glucose reading, but I am wondering if I continue with the 2 units every 12 hours, won't she become hypoglycemic?\u00a0\u00a0It has only been a week, so I am trying to be patient.\u00a0\u00a0If I find there is little communication with the Vet, I will search for another one.\u00a0\u00a0\u00a0\u00a0I am mainly concerned with the 126 glucose reading and continuing on the 2 units every 12 hours and worrying about her becoming hypoglycemic.\u00a0\u00a0I feel I should buy a glucose monitor just so I will know her reading.\u00a0\u00a0Any feedback?\u00a0\u00a0I know I am being a worry wort with good reason!",
            "id": "5270402",
            "rank": 1
        },
        {
            "answer": "I agree trying to talk directly to your veterinarian is of paramount importance to understand the choices they are making for your kitty.\u00a0\u00a0I am not too surprise to hear about the 126 blood glucose or continuing at your current dosing.\u00a0\u00a0I assume your veterinarian has assessed your clinical history, the clinical symptoms and the timing of the blood draw to recommend you continue as started.Please make sure you talk with them.\u00a0\u00a0Thank you for the update.",
            "id": "5271098",
            "rank": 11
        },
        {
            "answer": "Thanks for your feedback.\u00a0\u00a0The instructions were for me to bring her in mid day from the time of her first dose of insulin.\u00a0\u00a0The Vet, thru his Vet Tech, did not take any further info from me when I took her in other than time of last insulin shot and when was her last meal.\u00a0\u00a0I mentioned to the Vet Tech that she would not eat the DM food, so I was mixing in with her Fancy Feast wet food just to get food in her so I could give the shot.\u00a0\u00a0The instructions back to me from the Vet Tech were to enforce more DM food and less Fancy Feast and to bring her back in a week.",
            "id": "5273772",
            "rank": 1
        },
        {
            "answer": "Good morning,The timing of the test is good for evaluating the effect of the insulin.\u00a0\u00a0I certainly hope you are able to speak with the veterinarian to\u00a0\u00a0discuss how things are going, the difficulty you are having with the food transition and any other concerns or questions you may have.",
            "id": "5273925",
            "rank": 11
        },
        {
            "answer": "Thank you again.\u00a0\u00a0I take Maggie in this Thursday and will ask to speak with the Vet.\u00a0\u00a0The food is a problem with her.\u00a0\u00a0I just tried Nine Lives Tuna Select, suggested by someone else with a diabetic cat when her cat also would not eat the DM Purina.\u00a0\u00a0My kitty liked the Nine Lives when it was fresh and opened but once refrigerated, not so much,\u00a0\u00a0She sure likes the Fancy Feast, but I am trying to cut back slowly.\u00a0\u00a0She is off the dry food.",
            "id": "5275767",
            "rank": 1
        },
        {
            "answer": "Just an update.\u00a0\u00a0I had a consultation with another Vet on food nutrition and which canned foods to feed my cat.\u00a0\u00a0It was agreed that some at home monitoring would be good for kitty, so I've learned how to get a blood sample and get her glucose.\u00a0\u00a0I have the pet monitor specifically for cats and dogs. I just did a curve, and her glucose is on the low side, from 73 in the morning and then peaking to 140 and down to 93 later in the day.\u00a0\u00a0It almost seems like she should be hypoglycemic from these scores, but she's the opposite, feeling great and playful.\u00a0\u00a0Maybe the meter is off. I've watched her all night to make sure she's okay.\u00a0\u00a0 I will be calling the Vet hospital as soon as it opens.",
            "id": "5320546",
            "rank": 1
        }
    ]
}