{
    "rogerstanimoto": [
        {
            "answer": "Although there will be some increased breast size with weight gain, most women find that this is quite limited.\u00a0\u00a0Your options are to wait to see if your size increases to the extent you desire with weight gain, or to consider augmentation.",
            "id": "5152304",
            "rank": 1
        },
        {
            "answer": "Thank you so much Dr. Rosenberg",
            "id": "5152367",
            "rank": 1
        }
    ],
    "votes": [
        {
            "answer": "Although there will be some increased breast size with weight gain, most women find that this is quite limited.\u00a0\u00a0Your options are to wait to see if your size increases to the extent you desire with weight gain, or to consider augmentation.",
            "id": "5152304",
            "rank": 2
        },
        {
            "answer": "Thank you so much Dr. Rosenberg",
            "id": "5152367",
            "rank": 1
        }
    ]
}