{
    "rogerstanimoto": [
        {
            "answer": "Carbohydrates raise BG (blood Glucose).exercise lowers BGdrugs lower BGMaybe if you told us what drugs you take it would help.",
            "id": "14058638",
            "rank": 1
        },
        {
            "answer": "I take Trayenta Duo.",
            "id": "14058641",
            "rank": 1
        },
        {
            "answer": "Hi Dgrann,Type 2 diabetes is one of the many diseases that is curable. A lot of lifestyle factors can contribute to Type 2 diabetes.If you want to reverse your diabetes, you need to take a lifestyle change. Change your diet. Most people that I've known who have reversed their type 2 diabetes are still FREE from the disease. They just change their diet as well as their lifestyle. Also doing some cardio and weights lifting helps a lot.Cheers!",
            "id": "14058987",
            "rank": 1
        },
        {
            "answer": "Have you tried tracking your foods and exercise?\u00a0\u00a0Lowering your intake of carbs and sugars is important, so you might start with tracking what you are eating. Sometimes certain foods that are within a lower carb limit, can still trigger a high blood sugar reading.\u00a0\u00a0It can help to track what foods you are eating and what your blood sugar is as a result- then you can know what foods you need to avoid.\u00a0\u00a0Also, make sure you are drinking plenty of water too.",
            "id": "14059064",
            "rank": 1
        }
    ],
    "votes": [
        {
            "answer": "Carbohydrates raise BG (blood Glucose).exercise lowers BGdrugs lower BGMaybe if you told us what drugs you take it would help.",
            "id": "14058638",
            "rank": 1
        },
        {
            "answer": "I take Trayenta Duo.",
            "id": "14058641",
            "rank": 1
        },
        {
            "answer": "Hi Dgrann,Type 2 diabetes is one of the many diseases that is curable. A lot of lifestyle factors can contribute to Type 2 diabetes.If you want to reverse your diabetes, you need to take a lifestyle change. Change your diet. Most people that I've known who have reversed their type 2 diabetes are still FREE from the disease. They just change their diet as well as their lifestyle. Also doing some cardio and weights lifting helps a lot.Cheers!",
            "id": "14058987",
            "rank": 3
        },
        {
            "answer": "Have you tried tracking your foods and exercise?\u00a0\u00a0Lowering your intake of carbs and sugars is important, so you might start with tracking what you are eating. Sometimes certain foods that are within a lower carb limit, can still trigger a high blood sugar reading.\u00a0\u00a0It can help to track what foods you are eating and what your blood sugar is as a result- then you can know what foods you need to avoid.\u00a0\u00a0Also, make sure you are drinking plenty of water too.",
            "id": "14059064",
            "rank": 3
        }
    ]
}