{
    "braycurtis": [
        {
            "answer": "Birth control pills, as you have found, can cause a rise in your blood sugars. My understanding is that the hormones in birth control pills can interfere with the effectiveness of the insulin you take.\u00a0\u00a0This doesn't mean you can't use birth control, it just means you may need to test more often and adjust your insulin to meet the requirements of your body on birth control.\u00a0\u00a0You may want to ask your doctor to prescribe a birth control pill that has a lower hormone dose.I was a little surprised that your doctor put you on an oral medication after having done so well for so many years on insulin. I am not a doctor, but my understanding of Type I is that insulin is the only medication that will work since our bodies are not producing any insulin.\u00a0\u00a0I think it is unusual for\u00a0\u00a0a Type I Diabetic to be taken off insulin and to be able to remain in control with diet and exercise alone. But, then again, diabetes does affect each person differently.\u00a0\u00a0I would encourage you to always discuss any changes in your insulin with an endocrinologist who specializes in diabetes.\u00a0\u00a0An endocrinologist will also be able to help you manage the impact of birth control on your blood sugars.\u00a0\u00a0There are so many new insulins out there.\u00a0\u00a0Your doctor should be able to recommend a routine that you can live with, without execessive lows or highs.\u00a0\u00a0Good luck.\u00a0\u00a0Diabetes can be a challenge and there is always something new to deal with.ES",
            "id": "2429815",
            "rank": 5
        },
        {
            "answer": "There are also many different formulations of BCP's out there...and trying different types may be helpful to you and your diabetic control.",
            "id": "2434011",
            "rank": 1
        },
        {
            "answer": "Hello,I have to comment because although diabetes can lead to pregnancy problems if it is uncontrolled, with controlled diabetes there is very little pregnancy risk.Yes, it takes lots of work, but it is certainly safely doable.I have had 2 diabetic pregnancies using insulin.\u00a0\u00a0The first my hba1c was 4.9 at the end of the pregnancy.\u00a0\u00a0I had only 1 serious low (due to inadequate education).\u00a0\u00a0My daugther was 7 lbs 3 oz and perfect.\u00a0\u00a0Second pregnancy HBA1C at the end was 5.6. Baby was 7 lbs 6 oz and again, perfect.I still have diabetes, I manage it with insulin.\u00a0\u00a0My latest A1c is 4.9 and I am very healthy and don't have lows.\u00a0\u00a0It takes work, but it is manageable.",
            "id": "8418329",
            "rank": 4
        },
        {
            "answer": "Thank you.\u00a0\u00a0I agree with your response to treena.... And, if there are some problems with your blood sugar when you get pregnant due to the hormones, then being on the bcp, (which simulates pregnancy) can do the same exact thing!!\u00a0\u00a0Many women, including myself, have had blood sugar problems on the pill.\u00a0\u00a0I wouldn't be taking it at all (if it weren't for the fact that I have severe endometriosis) so having my period is dangerous for me.\u00a0\u00a0I take them in a way, so I do not have a period... but, I've been miserable with it for many reasons and I'm not sure what is worse.\u00a0\u00a0If, at all possible, I always recommend that people learn more about natural ways of taking care of our bodies.Separate from the pill, I have seen several people who cured their diabetes through natural methods.\u00a0\u00a0My Grandmother was diabetic on my father's side and she had a lot of children and was a great mother.The bottom line is, always do your research.;)",
            "id": "9044981",
            "rank": 1
        },
        {
            "answer": "I have been coeliac since the age of 6 and at the age of 23 I took Eugnon birth control pills in 3 months time I was diagnosed with diabetes and under active thyroid. Be careful out there! If you are autoimmune, your system easily can be triggered by medication and you can and up with the next autoimmune condition. I am 42 now with coeliac, under active thyroid, type ! diabetes, and possible milk allergy and autoimmune gastritis :((",
            "id": "13607283",
            "rank": 1
        }
    ],
    "votes": [
        {
            "answer": "Birth control pills, as you have found, can cause a rise in your blood sugars. My understanding is that the hormones in birth control pills can interfere with the effectiveness of the insulin you take.\u00a0\u00a0This doesn't mean you can't use birth control, it just means you may need to test more often and adjust your insulin to meet the requirements of your body on birth control.\u00a0\u00a0You may want to ask your doctor to prescribe a birth control pill that has a lower hormone dose.I was a little surprised that your doctor put you on an oral medication after having done so well for so many years on insulin. I am not a doctor, but my understanding of Type I is that insulin is the only medication that will work since our bodies are not producing any insulin.\u00a0\u00a0I think it is unusual for\u00a0\u00a0a Type I Diabetic to be taken off insulin and to be able to remain in control with diet and exercise alone. But, then again, diabetes does affect each person differently.\u00a0\u00a0I would encourage you to always discuss any changes in your insulin with an endocrinologist who specializes in diabetes.\u00a0\u00a0An endocrinologist will also be able to help you manage the impact of birth control on your blood sugars.\u00a0\u00a0There are so many new insulins out there.\u00a0\u00a0Your doctor should be able to recommend a routine that you can live with, without execessive lows or highs.\u00a0\u00a0Good luck.\u00a0\u00a0Diabetes can be a challenge and there is always something new to deal with.ES",
            "id": "2429815",
            "rank": 1
        },
        {
            "answer": "There are also many different formulations of BCP's out there...and trying different types may be helpful to you and your diabetic control.",
            "id": "2434011",
            "rank": 1
        },
        {
            "answer": "Hello,I have to comment because although diabetes can lead to pregnancy problems if it is uncontrolled, with controlled diabetes there is very little pregnancy risk.Yes, it takes lots of work, but it is certainly safely doable.I have had 2 diabetic pregnancies using insulin.\u00a0\u00a0The first my hba1c was 4.9 at the end of the pregnancy.\u00a0\u00a0I had only 1 serious low (due to inadequate education).\u00a0\u00a0My daugther was 7 lbs 3 oz and perfect.\u00a0\u00a0Second pregnancy HBA1C at the end was 5.6. Baby was 7 lbs 6 oz and again, perfect.I still have diabetes, I manage it with insulin.\u00a0\u00a0My latest A1c is 4.9 and I am very healthy and don't have lows.\u00a0\u00a0It takes work, but it is manageable.",
            "id": "8418329",
            "rank": 1
        },
        {
            "answer": "Thank you.\u00a0\u00a0I agree with your response to treena.... And, if there are some problems with your blood sugar when you get pregnant due to the hormones, then being on the bcp, (which simulates pregnancy) can do the same exact thing!!\u00a0\u00a0Many women, including myself, have had blood sugar problems on the pill.\u00a0\u00a0I wouldn't be taking it at all (if it weren't for the fact that I have severe endometriosis) so having my period is dangerous for me.\u00a0\u00a0I take them in a way, so I do not have a period... but, I've been miserable with it for many reasons and I'm not sure what is worse.\u00a0\u00a0If, at all possible, I always recommend that people learn more about natural ways of taking care of our bodies.Separate from the pill, I have seen several people who cured their diabetes through natural methods.\u00a0\u00a0My Grandmother was diabetic on my father's side and she had a lot of children and was a great mother.The bottom line is, always do your research.;)",
            "id": "9044981",
            "rank": 1
        },
        {
            "answer": "I have been coeliac since the age of 6 and at the age of 23 I took Eugnon birth control pills in 3 months time I was diagnosed with diabetes and under active thyroid. Be careful out there! If you are autoimmune, your system easily can be triggered by medication and you can and up with the next autoimmune condition. I am 42 now with coeliac, under active thyroid, type ! diabetes, and possible milk allergy and autoimmune gastritis :((",
            "id": "13607283",
            "rank": 5
        }
    ]
}