{
    "chebyshev": [
        {
            "answer": "I recommend that you go to the Juvenile Diabetes Research Foundation (JDRF) website at www.jdrf.org and click on the link to the Online Diabetes Support Team (ODST), then fill out the request form that pops up. Ask this question, and you will be put in touch with the staff person who handles requests for supplies. I also suggest that you ask to be contacted by the nearest local chapter of JDRF, for there may be an individual in your area who has spare supplies, and it is extremely helpful for type 1 diabetics in an area to network.",
            "id": "2804514",
            "rank": 2
        },
        {
            "answer": "Thanks for the info if it works out I owe you big timeBruce",
            "id": "2805083",
            "rank": 1
        }
    ],
    "votes": [
        {
            "answer": "I recommend that you go to the Juvenile Diabetes Research Foundation (JDRF) website at www.jdrf.org and click on the link to the Online Diabetes Support Team (ODST), then fill out the request form that pops up. Ask this question, and you will be put in touch with the staff person who handles requests for supplies. I also suggest that you ask to be contacted by the nearest local chapter of JDRF, for there may be an individual in your area who has spare supplies, and it is extremely helpful for type 1 diabetics in an area to network.",
            "id": "2804514",
            "rank": 2
        },
        {
            "answer": "Thanks for the info if it works out I owe you big timeBruce",
            "id": "2805083",
            "rank": 1
        }
    ]
}