{
    "canberra": [
        {
            "answer": "I'm a mom of diabetic....get him to the hospital now if you haven't already.\u00a0\u00a0At his age, his keytones will skyrocket with dehydration.\u00a0\u00a0He'll probably need an IV for fluids and a suppository to stop the vomiting if you can't get fluids into him.\u00a0\u00a0Get the on-call number of his Diabetes Dr. or clinic.\u00a0\u00a0They should be able to talk you through treating symptoms before they require hospitalization.\u00a0\u00a0If his diabetes doctor doesn't have an on-call number or clinic on-call, find a new doctor or clinic!\u00a0\u00a0The JDRF website has a guideline sheet for sick-day management.\u00a0\u00a0(when and how to treat - when to call the Dr.)",
            "id": "2563032",
            "rank": 1
        },
        {
            "answer": "I totally agree with admom... a young child who is sick and who has large amounts of keytones should be taken to the hospital immediately if he is throwing up. It is much better to err on the side of caution, for keytones can mean real danger in a small child.The website that admom refers to is www.jdrf.org",
            "id": "2566133",
            "rank": 2
        }
    ],
    "votes": [
        {
            "answer": "I'm a mom of diabetic....get him to the hospital now if you haven't already.\u00a0\u00a0At his age, his keytones will skyrocket with dehydration.\u00a0\u00a0He'll probably need an IV for fluids and a suppository to stop the vomiting if you can't get fluids into him.\u00a0\u00a0Get the on-call number of his Diabetes Dr. or clinic.\u00a0\u00a0They should be able to talk you through treating symptoms before they require hospitalization.\u00a0\u00a0If his diabetes doctor doesn't have an on-call number or clinic on-call, find a new doctor or clinic!\u00a0\u00a0The JDRF website has a guideline sheet for sick-day management.\u00a0\u00a0(when and how to treat - when to call the Dr.)",
            "id": "2563032",
            "rank": 2
        },
        {
            "answer": "I totally agree with admom... a young child who is sick and who has large amounts of keytones should be taken to the hospital immediately if he is throwing up. It is much better to err on the side of caution, for keytones can mean real danger in a small child.The website that admom refers to is www.jdrf.org",
            "id": "2566133",
            "rank": 1
        }
    ]
}