{
    "braycurtis": [
        {
            "answer": "Weee,I really think with the high dosage you're on and all of the medical issues you have you need to be in a medical treatment center. So you can safely detox and keep an eye on your health, is there any way this could be possible. Avis",
            "id": "14157091",
            "rank": 1
        },
        {
            "answer": "Avis thank you!",
            "id": "14157148",
            "rank": 1
        }
    ],
    "votes": [
        {
            "answer": "Weee,I really think with the high dosage you're on and all of the medical issues you have you need to be in a medical treatment center. So you can safely detox and keep an eye on your health, is there any way this could be possible. Avis",
            "id": "14157091",
            "rank": 2
        },
        {
            "answer": "Avis thank you!",
            "id": "14157148",
            "rank": 1
        }
    ]
}