{
    "chebyshev": [
        {
            "answer": "HiStem Cell treatment is experimental, not proven cure either.\u00a0\u00a0Hang in there.",
            "id": "14106507",
            "rank": 1
        },
        {
            "answer": "I thought this was so interesting, take a look! http://hsci.harvard.edu/news/stem-cells-billions-human-insulin-producing-cells",
            "id": "14120395",
            "rank": 1
        }
    ],
    "votes": [
        {
            "answer": "HiStem Cell treatment is experimental, not proven cure either.\u00a0\u00a0Hang in there.",
            "id": "14106507",
            "rank": 1
        },
        {
            "answer": "I thought this was so interesting, take a look! http://hsci.harvard.edu/news/stem-cells-billions-human-insulin-producing-cells",
            "id": "14120395",
            "rank": 2
        }
    ]
}