{
    "canberra": [
        {
            "answer": "And to add my fasting glucose is only 92 don't know what it is after meal",
            "id": "14149556",
            "rank": 2
        },
        {
            "answer": "an A1c is a measure of your average BG over 3 months (actually more like 2 months).\u00a0\u00a0So yes there is time",
            "id": "14149569",
            "rank": 3
        },
        {
            "answer": "If\u00a0\u00a0your fasting is typically 92, then it is reasonable / only very slightly high.\u00a0\u00a0Therefore your problem must be what your blood sugar does in response to food.The best thing you can do then is to change what you eat, which will involve reducing carbs.\u00a0\u00a0Test 2 hours after starting to eat a meal.\u00a0\u00a0Your target blood sugar after eating should be < 120, or even better if it is below 100.\u00a0\u00a0If it is higher than these target then you know that you need to further modify what you ate.Best diet for most people with diabetes is low carb, moderate protein, and enough healthy fats to provide energy and enough calories.\u00a0\u00a0how much carb?\u00a0\u00a0some people say < 30 g and other < 100 g and other can eat a little more.\u00a0\u00a0How will\u00a0\u00a0you know what is your personal limit?you find this out by testing after you eat.\u00a0\u00a0then by trial and error you find what and how much you can eat while still staying on target.",
            "id": "14152325",
            "rank": 1
        }
    ],
    "votes": [
        {
            "answer": "And to add my fasting glucose is only 92 don't know what it is after meal",
            "id": "14149556",
            "rank": 1
        },
        {
            "answer": "an A1c is a measure of your average BG over 3 months (actually more like 2 months).\u00a0\u00a0So yes there is time",
            "id": "14149569",
            "rank": 1
        },
        {
            "answer": "If\u00a0\u00a0your fasting is typically 92, then it is reasonable / only very slightly high.\u00a0\u00a0Therefore your problem must be what your blood sugar does in response to food.The best thing you can do then is to change what you eat, which will involve reducing carbs.\u00a0\u00a0Test 2 hours after starting to eat a meal.\u00a0\u00a0Your target blood sugar after eating should be < 120, or even better if it is below 100.\u00a0\u00a0If it is higher than these target then you know that you need to further modify what you ate.Best diet for most people with diabetes is low carb, moderate protein, and enough healthy fats to provide energy and enough calories.\u00a0\u00a0how much carb?\u00a0\u00a0some people say < 30 g and other < 100 g and other can eat a little more.\u00a0\u00a0How will\u00a0\u00a0you know what is your personal limit?you find this out by testing after you eat.\u00a0\u00a0then by trial and error you find what and how much you can eat while still staying on target.",
            "id": "14152325",
            "rank": 3
        }
    ]
}