{
    "sqeuclidean": [
        {
            "answer": "unequivocally she should be considered for liver transplantation ASAP.\u00a0\u00a0she is too ill to receive interferon treatment.\u00a0\u00a0HCV can recur severely in 20-30% of cases but most people do OK post-transplantation.\u00a0\u00a0she has several medical co-morbidities that could complicate matters but things will only get worse the longer she waits.\u00a0\u00a0i think she may develop a fatal complication soon without transplantation.",
            "id": "4611599",
            "rank": 1
        },
        {
            "answer": "I have similiar situation and need to know if I can tolerate transplantation being 5'10\" and 380 pounds.\u00a0\u00a0The liver dr in OKC, OK said I need to loose 100 plus before I can put on transplant list.\u00a0\u00a0However, my dau and son have same blood type as me and a second dau and heard they do live liver transplants in Dallas, and I live same distance to Dallas as OKC\u00a0\u00a0I have tried for this past 5 yrs to get the wt off and have 40 ponds lost was 420.\u00a0\u00a0I am in stage IV., caused by Hep C from blood trans in 1988, had interferon bad side effects in 2003 to 2004, for six mos, and the drs said I may have 2 yrs in 2003 without a transplant but doing ok have had low white blood cell and pneumonia problems, some diabetes but controlled.",
            "id": "4681842",
            "rank": 1
        },
        {
            "answer": "i agree that you should try and lose weight, even though i know its easier said than done.\u00a0\u00a0the weight may ultimately lead to progression in your liver disease as well as increase the risk for HCC.\u00a0\u00a0in your case i would try and hold off on transplantation as long as possible,.",
            "id": "4684620",
            "rank": 1
        }
    ],
    "votes": [
        {
            "answer": "unequivocally she should be considered for liver transplantation ASAP.\u00a0\u00a0she is too ill to receive interferon treatment.\u00a0\u00a0HCV can recur severely in 20-30% of cases but most people do OK post-transplantation.\u00a0\u00a0she has several medical co-morbidities that could complicate matters but things will only get worse the longer she waits.\u00a0\u00a0i think she may develop a fatal complication soon without transplantation.",
            "id": "4611599",
            "rank": 1
        },
        {
            "answer": "I have similiar situation and need to know if I can tolerate transplantation being 5'10\" and 380 pounds.\u00a0\u00a0The liver dr in OKC, OK said I need to loose 100 plus before I can put on transplant list.\u00a0\u00a0However, my dau and son have same blood type as me and a second dau and heard they do live liver transplants in Dallas, and I live same distance to Dallas as OKC\u00a0\u00a0I have tried for this past 5 yrs to get the wt off and have 40 ponds lost was 420.\u00a0\u00a0I am in stage IV., caused by Hep C from blood trans in 1988, had interferon bad side effects in 2003 to 2004, for six mos, and the drs said I may have 2 yrs in 2003 without a transplant but doing ok have had low white blood cell and pneumonia problems, some diabetes but controlled.",
            "id": "4681842",
            "rank": 1
        },
        {
            "answer": "i agree that you should try and lose weight, even though i know its easier said than done.\u00a0\u00a0the weight may ultimately lead to progression in your liver disease as well as increase the risk for HCC.\u00a0\u00a0in your case i would try and hold off on transplantation as long as possible,.",
            "id": "4684620",
            "rank": 3
        }
    ]
}