{
    "dice": [
        {
            "answer": "I think an upper endoscopy is warranted at this time.\u00a0\u00a0It is the most comprehensive test we have to look at the upper digestive tract, and rule out a mass, stricture or obstruction.\u00a0\u00a0GERD and ulcers can also be evaluated for.If the symptoms continue, imaging can be done with an ultrasound to exclude liver and gallbladder disease.More specialized tests like a gastric emptying scan can be considered as well if the tests remain non-revealing.These options can be discussed with a GI physician.This answer is not intended as and does not substitute for medical advice - the information presented is for patients education only. Please see your personal physician for further evaluation of your individual case.Kevin, M.D.www.kevinmd.com",
            "id": "2909998",
            "rank": 1
        },
        {
            "answer": "I plan to follow your advice.One followup question I have is :if there is some physical problem that could be seen via endoscope,wouldn't I experience problems all the time ? (Not just in the morning for example).thanks again,KL",
            "id": "2910357",
            "rank": 1
        }
    ],
    "votes": [
        {
            "answer": "I think an upper endoscopy is warranted at this time.\u00a0\u00a0It is the most comprehensive test we have to look at the upper digestive tract, and rule out a mass, stricture or obstruction.\u00a0\u00a0GERD and ulcers can also be evaluated for.If the symptoms continue, imaging can be done with an ultrasound to exclude liver and gallbladder disease.More specialized tests like a gastric emptying scan can be considered as well if the tests remain non-revealing.These options can be discussed with a GI physician.This answer is not intended as and does not substitute for medical advice - the information presented is for patients education only. Please see your personal physician for further evaluation of your individual case.Kevin, M.D.www.kevinmd.com",
            "id": "2909998",
            "rank": 2
        },
        {
            "answer": "I plan to follow your advice.One followup question I have is :if there is some physical problem that could be seen via endoscope,wouldn't I experience problems all the time ? (Not just in the morning for example).thanks again,KL",
            "id": "2910357",
            "rank": 1
        }
    ]
}