{
    "russellrao": [
        {
            "answer": "No clinically significant drug-drug interactions have been identified with metformin. However, physiological changes resulting from smoking cessation may alter the pharmacokinetics or pharmacodynamics of insulin; dosage adjustments may be necessary.",
            "id": "4331915",
            "rank": 1
        },
        {
            "answer": "Thanks! I had a feeling that it would have something to do with the dosage. I wouldn't want her to take it, unless I knew for sure, though. Thanks again!",
            "id": "4332459",
            "rank": 1
        }
    ],
    "votes": [
        {
            "answer": "No clinically significant drug-drug interactions have been identified with metformin. However, physiological changes resulting from smoking cessation may alter the pharmacokinetics or pharmacodynamics of insulin; dosage adjustments may be necessary.",
            "id": "4331915",
            "rank": 2
        },
        {
            "answer": "Thanks! I had a feeling that it would have something to do with the dosage. I wouldn't want her to take it, unless I knew for sure, though. Thanks again!",
            "id": "4332459",
            "rank": 1
        }
    ]
}