{
    "dice": [
        {
            "answer": "Hello,GAD antibodies are an indicator of autoimmunity related to Type 1 diabetes, and having it positive does put you at higher risk for developing diabetes in future. Given that you also have positive thyroid antibodies, you are in general more likely to develop other autoimmune conditions in future\u00a0\u00a0as well.Your blood sugar levels right now are mostly within the normal range aside from some mild elevations in your fasting levels.\u00a0\u00a0A C-peptide level will give some indication of how much of your own insulin function remains, so this is useful to know.Checking blood sugars after meals may also offer some information in terms of how well your body is able to handle glucose loads right now and if medications is needed yet. Hope this answers your question. Take care.",
            "id": "3390631",
            "rank": 3
        },
        {
            "answer": "A related discussion,/posts/show/944739was started.",
            "id": "4438143",
            "rank": 1
        },
        {
            "answer": "A related discussion,/posts/show/1195369was started.",
            "id": "5468947",
            "rank": 1
        }
    ],
    "votes": [
        {
            "answer": "Hello,GAD antibodies are an indicator of autoimmunity related to Type 1 diabetes, and having it positive does put you at higher risk for developing diabetes in future. Given that you also have positive thyroid antibodies, you are in general more likely to develop other autoimmune conditions in future\u00a0\u00a0as well.Your blood sugar levels right now are mostly within the normal range aside from some mild elevations in your fasting levels.\u00a0\u00a0A C-peptide level will give some indication of how much of your own insulin function remains, so this is useful to know.Checking blood sugars after meals may also offer some information in terms of how well your body is able to handle glucose loads right now and if medications is needed yet. Hope this answers your question. Take care.",
            "id": "3390631",
            "rank": 3
        },
        {
            "answer": "A related discussion,/posts/show/944739was started.",
            "id": "4438143",
            "rank": 1
        },
        {
            "answer": "A related discussion,/posts/show/1195369was started.",
            "id": "5468947",
            "rank": 1
        }
    ]
}