{
    "chebyshev": [
        {
            "answer": "I ALSO HAVE PANCREATITUS,ALTHOUGH I HAVEN'T HAD A ATTACK IN 2 YEARS.I HEARD ABOUT GETTING DIABETES BECAUSE IT EFFECTS THE PANCREAS AND SO FAR I HAVE BEEN VERY LUCKY.IT ALSO HELPS TO STAY ON A LOW-FAT DIET,DON'T SMOKE OR DRINK!!!IF YOU NEED SUPPORT OR SOME ONE TO TALK TO YOU CAN ALWAYS REACH ME AT KONTOKID@YAHOO OR CALL ME AT 718-721-7505 GOOD-LUCK AND GOD BLESS...NICHOLAS 08 06 01",
            "id": "1498046",
            "rank": 1
        },
        {
            "answer": "A related discussion,/posts/show/928105was started.",
            "id": "4369878",
            "rank": 1
        }
    ],
    "votes": [
        {
            "answer": "I ALSO HAVE PANCREATITUS,ALTHOUGH I HAVEN'T HAD A ATTACK IN 2 YEARS.I HEARD ABOUT GETTING DIABETES BECAUSE IT EFFECTS THE PANCREAS AND SO FAR I HAVE BEEN VERY LUCKY.IT ALSO HELPS TO STAY ON A LOW-FAT DIET,DON'T SMOKE OR DRINK!!!IF YOU NEED SUPPORT OR SOME ONE TO TALK TO YOU CAN ALWAYS REACH ME AT KONTOKID@YAHOO OR CALL ME AT 718-721-7505 GOOD-LUCK AND GOD BLESS...NICHOLAS 08 06 01",
            "id": "1498046",
            "rank": 2
        },
        {
            "answer": "A related discussion,/posts/show/928105was started.",
            "id": "4369878",
            "rank": 1
        }
    ]
}