{
    "canberra": [
        {
            "answer": "Welcome to our Forum.\u00a0\u00a0It sounds to me as though you are feeling a bit guilty about your recent misstep.\u00a0\u00a0Even most people with many sexual partners do not have STIs of any sort.\u00a0\u00a0The sexual exposure you describe was safe sex- condom protected sex does not lead to risk for HIV or for other STIs as long as the condom is worn throughout the encounter and does not break.\u00a0\u00a0In such a situation, I do not see a need for HIV (or other STI testing).I see no reason to relate her higher than usual sugars to your dalliance, nor would I relate your own recent increased fatigue to anything other than possible anxiety.In answer to your specific questions:1. Do you think I need hiv testing after this incident?No, I see no medical need for testing.2. Do you think that her diabetes blood sugar would be affected by ARS?No, I would not.3. Should I just move on from this situation?that would be my advice.I hope these comments are helpful.\u00a0\u00a0Please do not worry. EWH",
            "id": "9716460",
            "rank": 1
        },
        {
            "answer": "THanks doctor. I appreciate your quick response. I believe that I might just be hypersensitive to all symptoms whether large or small. I have read numerous threads on here explaining how safe condom protected sex is. I have never had a std and this is a new experience for me. I started to question whether or not the condom started to slip up my penis or other ridiculous events. However, I filled the condom with water after to look for leaks.....nothing. I was afraid that the condom just didn't work appropriately. I know it is just anxiety speaking. Thank you for all you guys do. THis forum is extremely helpful.",
            "id": "9716546",
            "rank": 3
        },
        {
            "answer": "You will be fine.\u00a0\u00a0Have confidence in your condom.\u00a0\u00a0EWH",
            "id": "9716966",
            "rank": 3
        },
        {
            "answer": "One last question doctor and I will end the thread. I have been suffering from diarrhea for a week now. No fever or nausea. My exposure was 5 weeks ago. Just curious if this is typical of ARS or HIV, diarrhea only that is. Thanks again.",
            "id": "9717151",
            "rank": 1
        },
        {
            "answer": "No, isolated diarrhea is not a sign of recently acauired HIV infection.\u00a0\u00a0ARS typically presents with high fever, muschle aches, diarrhea, and sore throat, among other symptoms.Take care. EWH",
            "id": "9717295",
            "rank": 3
        },
        {
            "answer": "So my diarrhea al",
            "id": "9720359",
            "rank": 3
        },
        {
            "answer": "So my diarrhea alone would not change your opinnion of my testing requirements? Even if the diarrhea has been over a week? Also, does ARS symptoms present together? So diarrhea would be with fever, sore throat, and others at the same time?",
            "id": "9720364",
            "rank": 3
        },
        {
            "answer": "Repetitive question. This is not ARS.\u00a0\u00a0ARS symptoms do present together. EWH",
            "id": "9720809",
            "rank": 3
        },
        {
            "answer": "Thanks doc, have a great christmas. Yime to move forward with my life.",
            "id": "9720839",
            "rank": 3
        },
        {
            "answer": "Gald to help..Take care. EWH",
            "id": "9720921",
            "rank": 3
        }
    ],
    "votes": [
        {
            "answer": "Welcome to our Forum.\u00a0\u00a0It sounds to me as though you are feeling a bit guilty about your recent misstep.\u00a0\u00a0Even most people with many sexual partners do not have STIs of any sort.\u00a0\u00a0The sexual exposure you describe was safe sex- condom protected sex does not lead to risk for HIV or for other STIs as long as the condom is worn throughout the encounter and does not break.\u00a0\u00a0In such a situation, I do not see a need for HIV (or other STI testing).I see no reason to relate her higher than usual sugars to your dalliance, nor would I relate your own recent increased fatigue to anything other than possible anxiety.In answer to your specific questions:1. Do you think I need hiv testing after this incident?No, I see no medical need for testing.2. Do you think that her diabetes blood sugar would be affected by ARS?No, I would not.3. Should I just move on from this situation?that would be my advice.I hope these comments are helpful.\u00a0\u00a0Please do not worry. EWH",
            "id": "9716460",
            "rank": 10
        },
        {
            "answer": "THanks doctor. I appreciate your quick response. I believe that I might just be hypersensitive to all symptoms whether large or small. I have read numerous threads on here explaining how safe condom protected sex is. I have never had a std and this is a new experience for me. I started to question whether or not the condom started to slip up my penis or other ridiculous events. However, I filled the condom with water after to look for leaks.....nothing. I was afraid that the condom just didn't work appropriately. I know it is just anxiety speaking. Thank you for all you guys do. THis forum is extremely helpful.",
            "id": "9716546",
            "rank": 1
        },
        {
            "answer": "You will be fine.\u00a0\u00a0Have confidence in your condom.\u00a0\u00a0EWH",
            "id": "9716966",
            "rank": 1
        },
        {
            "answer": "One last question doctor and I will end the thread. I have been suffering from diarrhea for a week now. No fever or nausea. My exposure was 5 weeks ago. Just curious if this is typical of ARS or HIV, diarrhea only that is. Thanks again.",
            "id": "9717151",
            "rank": 1
        },
        {
            "answer": "No, isolated diarrhea is not a sign of recently acauired HIV infection.\u00a0\u00a0ARS typically presents with high fever, muschle aches, diarrhea, and sore throat, among other symptoms.Take care. EWH",
            "id": "9717295",
            "rank": 1
        },
        {
            "answer": "So my diarrhea al",
            "id": "9720359",
            "rank": 1
        },
        {
            "answer": "So my diarrhea alone would not change your opinnion of my testing requirements? Even if the diarrhea has been over a week? Also, does ARS symptoms present together? So diarrhea would be with fever, sore throat, and others at the same time?",
            "id": "9720364",
            "rank": 1
        },
        {
            "answer": "Repetitive question. This is not ARS.\u00a0\u00a0ARS symptoms do present together. EWH",
            "id": "9720809",
            "rank": 1
        },
        {
            "answer": "Thanks doc, have a great christmas. Yime to move forward with my life.",
            "id": "9720839",
            "rank": 1
        },
        {
            "answer": "Gald to help..Take care. EWH",
            "id": "9720921",
            "rank": 1
        }
    ]
}