{
    "sokalsneath": [
        {
            "answer": "Take note.\u00a0\u00a0It is very, very important that the cataract surgeon and retinal specialist be in close communication. You appear to have two totally separate and distinct problems.\u00a0\u00a0The diabetes can definitely make your cataracts progress quite rapidly and the steroid injections can also increase the rate of growth.\u00a0\u00a0The risk of post-operative swelling and bleeding of the retina is far greater in cases like yours.\u00a0\u00a0This can lead to real problems with reduced vision after surgery in some cases.\u00a0\u00a0It is very important that all retinal issues be very carefully attended to and stableized before cataract surgery.\u00a0\u00a0I tell my patients that the cataract surgery is a 10 minute short bump in the road in a very, very long journey for many years to come where macular degeneration and diabetic retinopathy will continue relentlessly to try to get worse.\u00a0\u00a0HOWEVER, it all the retinal problems are not very closely taken care of pre and post operatively, then in some cases there can be worsening of these problems.\u00a0\u00a0Make sure your cataract surgeon and retinal specialist speak to each other and understand the short and long term plans.This is an area that I am very passionate about as I want every patient to have the most successful result possible in my practice.MJK MD",
            "id": "5507065",
            "rank": 1
        },
        {
            "answer": "my drs are in the same office. Now whether or not they are on the same page I can only hope.Dr Bloom, my WMD dr\u00a0\u00a0[http://www.eyecenters.com/our-doctors/steven-m-bloom-md-facs.html] is there on tuesdays.His name is Dr. BloomDr. Witcher is there on a daily basis.[ http://downingmcpeak.com/dmvc/index.php?option=com_content&task=view&id=16&Itemid=30] he is the one who will do the cataract surgery.They are at\u00a0\u00a0Downing McPeak eye center.[http://www.downingmcpeak.com/dmvc/]I am very anxious about this procedure. I am to have it siine tomorrow\u00a0\u00a04-1-10.\u00a0\u00a0I hope and pray all goes well. Like I said before I was just surprised at how fast this all came about. The eye in question is the only one I have/had\u00a0\u00a0decent sight in\u00a0\u00a0I am just hoping that it will be OK as I have been blessed to have been given 2 grandbabies as of late and would love to see them grow...\u00a0\u00a0\u00a0\u00a0not to mention being able to continue seeing my beautiful wife.Dr. Bloom said that he needed to have the cataract removed so he could continue to treat the WMD. I understand that the cataract limits his ability to see the back of my eye. I also understand that, in my case, there might be complications.I would liked to have been able to sit down with both men and discussed it further.\u00a0\u00a0To be able to look into the long term problems and or possibilities.Is there anything I should mention or is there anything I should address to make sure we are doing the correct thing at the correct time?Like I said I know I am in need of some more laser work and I guess this is what we have to do iin order to get that done. Dr. Bloom seemed most concerned with that. [the ability to be able to do more laser procedures.]Thanks!",
            "id": "5524706",
            "rank": 1
        }
    ],
    "votes": [
        {
            "answer": "Take note.\u00a0\u00a0It is very, very important that the cataract surgeon and retinal specialist be in close communication. You appear to have two totally separate and distinct problems.\u00a0\u00a0The diabetes can definitely make your cataracts progress quite rapidly and the steroid injections can also increase the rate of growth.\u00a0\u00a0The risk of post-operative swelling and bleeding of the retina is far greater in cases like yours.\u00a0\u00a0This can lead to real problems with reduced vision after surgery in some cases.\u00a0\u00a0It is very important that all retinal issues be very carefully attended to and stableized before cataract surgery.\u00a0\u00a0I tell my patients that the cataract surgery is a 10 minute short bump in the road in a very, very long journey for many years to come where macular degeneration and diabetic retinopathy will continue relentlessly to try to get worse.\u00a0\u00a0HOWEVER, it all the retinal problems are not very closely taken care of pre and post operatively, then in some cases there can be worsening of these problems.\u00a0\u00a0Make sure your cataract surgeon and retinal specialist speak to each other and understand the short and long term plans.This is an area that I am very passionate about as I want every patient to have the most successful result possible in my practice.MJK MD",
            "id": "5507065",
            "rank": 2
        },
        {
            "answer": "my drs are in the same office. Now whether or not they are on the same page I can only hope.Dr Bloom, my WMD dr\u00a0\u00a0[http://www.eyecenters.com/our-doctors/steven-m-bloom-md-facs.html] is there on tuesdays.His name is Dr. BloomDr. Witcher is there on a daily basis.[ http://downingmcpeak.com/dmvc/index.php?option=com_content&task=view&id=16&Itemid=30] he is the one who will do the cataract surgery.They are at\u00a0\u00a0Downing McPeak eye center.[http://www.downingmcpeak.com/dmvc/]I am very anxious about this procedure. I am to have it siine tomorrow\u00a0\u00a04-1-10.\u00a0\u00a0I hope and pray all goes well. Like I said before I was just surprised at how fast this all came about. The eye in question is the only one I have/had\u00a0\u00a0decent sight in\u00a0\u00a0I am just hoping that it will be OK as I have been blessed to have been given 2 grandbabies as of late and would love to see them grow...\u00a0\u00a0\u00a0\u00a0not to mention being able to continue seeing my beautiful wife.Dr. Bloom said that he needed to have the cataract removed so he could continue to treat the WMD. I understand that the cataract limits his ability to see the back of my eye. I also understand that, in my case, there might be complications.I would liked to have been able to sit down with both men and discussed it further.\u00a0\u00a0To be able to look into the long term problems and or possibilities.Is there anything I should mention or is there anything I should address to make sure we are doing the correct thing at the correct time?Like I said I know I am in need of some more laser work and I guess this is what we have to do iin order to get that done. Dr. Bloom seemed most concerned with that. [the ability to be able to do more laser procedures.]Thanks!",
            "id": "5524706",
            "rank": 1
        }
    ]
}